{"UUID":"A9wtlNP2QouvZh82kqidew","layoutMainAxisSizing":null,"layoutCrossAxisSizing":null,"name":"bear_a","isVisible":true,"boundaryRectangle":null,"style":null,"prototypeNodeUUID":null,"child":null,"constraints":null,"debug":false,"pngPath":"/usr/src/app/temp-out/pb-tmp-2361aae4-8ea9-49b0-b07b-45c48982e8a8/testing_2/lib/assets/images","designSystem":{"UUID":"","layoutMainAxisSizing":null,"layoutCrossAxisSizing":null,"name":"material3","isVisible":false,"boundaryRectangle":null,"pbdlType":null,"style":null,"prototypeNodeUUID":"","child":null,"constraints":null,"textStyles":["bodyLarge","bodyMedium","bodySmall","displayLarge","displayMedium","displaySmall","headlineLarge","headlineMedium","headlineSmall","labelLarge","labelMedium","labelSmall","titleLarge","titleMedium","titleSmall"],"colorSchemes":[{"UUID":"","layoutMainAxisSizing":null,"layoutCrossAxisSizing":null,"name":"light","isVisible":false,"boundaryRectangle":null,"pbdlType":null,"style":null,"prototypeNodeUUID":"","child":null,"constraints":null,"supportedAttributes":["primary","onPrimary","primaryContainer","onPrimaryContainer","secondary","onSecondary","secondaryContainer","onSecondaryContainer","tertiary","onTertiary","tertiaryContainer","onTertiaryContainer","error","onError","errorContainer","onErrorContainer","background","onBackground","surface","onSurface","surfaceVariant","onSurfaceVariant","outline","shadow","inverseSurface","onInverseSurface","inversePrimary","surfaceTint"]},{"UUID":"","layoutMainAxisSizing":null,"layoutCrossAxisSizing":null,"name":"dark","isVisible":false,"boundaryRectangle":null,"pbdlType":null,"style":null,"prototypeNodeUUID":"","child":null,"constraints":null,"supportedAttributes":["primary","onPrimary","primaryContainer","onPrimaryContainer","secondary","onSecondary","secondaryContainer","onSecondaryContainer","tertiary","onTertiary","tertiaryContainer","onTertiaryContainer","error","onError","errorContainer","onErrorContainer","background","onBackground","surface","onSurface","surfaceVariant","onSurfaceVariant","outline","shadow","inverseSurface","onInverseSurface","inversePrimary","surfaceTint"]}]},"pages":[{"UUID":"0:1","layoutMainAxisSizing":null,"layoutCrossAxisSizing":null,"name":"Page 1","isVisible":true,"boundaryRectangle":null,"style":null,"prototypeNodeUUID":null,"child":null,"constraints":null,"convert":true,"screens":[],"pbdlType":"page"}],"miscPages":[],"sharedStyles":[],"globalStyles":{"UUID":"","layoutMainAxisSizing":null,"layoutCrossAxisSizing":null,"name":"","isVisible":false,"boundaryRectangle":null,"style":null,"prototypeNodeUUID":null,"child":null,"constraints":null,"pbdlType":"global_styles","designSystem":"material3","colors":[{"UUID":"3:21","layoutMainAxisSizing":null,"layoutCrossAxisSizing":null,"name":"button_green","isVisible":false,"boundaryRectangle":null,"style":null,"prototypeNodeUUID":null,"child":null,"constraints":null,"description":"","pbdlType":"global_color","color":{"a":1.0,"r":0.1921568661928177,"g":0.4470588266849518,"b":0.3137255012989044}}],"textStyles":[],"themeColors":[],"themeTextStyles":[]},"pbdlType":"project","azure_container_uri":"https://pbnestcore.blob.core.windows.net/a9wtlnp2qouvzh82kqidew"}